{
  "total_items": 28295,
  "usable_for_medical": 13995,
  "medical_usable_percentage": 49.46103551864287,
  "domains": {
    "HEALTH": 19935,
    "CONVERSATIONAL": 199,
    "LOCAL CONVERSATION": 8161
  },
  "languages": {
    "en": 2289,
    "guj": 1086,
    "bn": 1169,
    "bho": 5803,
    "chha": 4442,
    "hi": 834,
    "kn": 1447,
    "mag": 2743,
    "mai": 5474,
    "mr": 2291,
    "te": 717
  },
  "audio_statistics": {
    "mean_duration": 7.459283281868146,
    "median_duration": 7.1,
    "std_duration": 2.7509155526148477,
    "min_duration": 0.9,
    "max_duration": 52.23002267573696
  },
  "text_statistics": {
    "mean_length": 88.36373917653296,
    "median_length": 86.0,
    "std_length": 29.891767060327357,
    "min_length": 15,
    "max_length": 490
  },
  "snr_statistics": {
    "mean_db": 40.11352478579159,
    "median_db": 42.54959117727212,
    "std_db": 9.733153549337056,
    "min_db": 9.822764997674142,
    "max_db": 66.87064875138336,
    "threshold_good": 25.0,
    "threshold_min": 15.0
  },
  "speech_rate": {
    "mean_wpm": 130.70829316618202,
    "median_wpm": 133.33333333333331,
    "std_wpm": 26.58236290235361,
    "mean_cps": 11.970163363301722,
    "slow_count": 8752,
    "fast_count": 505,
    "slow_percentage": 30.931259939918714,
    "fast_percentage": 1.7847676267891854
  },
  "pitch_statistics": {
    "mean_pitch_hz": 223.96782619857944,
    "median_pitch_hz": 225.79288096122622,
    "std_pitch_hz": 16.331445387504573,
    "min_pitch_hz": 62.112634799380764,
    "max_pitch_hz": 282.4830244683129
  },
  "audio_quality": {
    "clipped_count": 0,
    "clipped_percentage": 0.0
  },
  "vocabulary_size": 101328,
  "language_wise_statistics": {
    "mai": {
      "count": 5474,
      "snr": {
        "mean": 43.73597282427754,
        "median": 43.94928705113689,
        "std": 4.60190500562103,
        "min": 20.85689170465706,
        "max": 56.122598832503485
      },
      "pitch": {
        "mean": 223.85480448211547,
        "median": 223.1994285260446,
        "std": 13.679439787839192,
        "min": 142.22992663699233,
        "max": 275.75191029903476
      },
      "speech_rate": {
        "mean_wpm": 135.321608074015,
        "median_wpm": 135.1173039875439,
        "std_wpm": 20.392246112117515,
        "mean_cps": 11.7063786749557,
        "slow_count": 1159,
        "fast_count": 62,
        "slow_percentage": 21.172816952868104,
        "fast_percentage": 1.1326269638290098,
        "normal_percentage": 77.69455608330288
      }
    },
    "mag": {
      "count": 2743,
      "snr": {
        "mean": 46.72643246726515,
        "median": 48.485990391364865,
        "std": 9.250393987413636,
        "min": 19.0741490184242,
        "max": 66.87064875138336
      },
      "pitch": {
        "mean": 221.44750275189588,
        "median": 214.35469250725862,
        "std": 20.25169053671242,
        "min": 62.112634799380764,
        "max": 282.4830244683129
      },
      "speech_rate": {
        "mean_wpm": 142.40280128897544,
        "median_wpm": 142.243002578566,
        "std_wpm": 19.694569131899794,
        "mean_cps": 11.883669003845801,
        "slow_count": 355,
        "fast_count": 86,
        "slow_percentage": 12.942034269048486,
        "fast_percentage": 3.1352533722201965,
        "normal_percentage": 83.92271235873132
      }
    },
    "chha": {
      "count": 4442,
      "snr": {
        "mean": 41.495906106366085,
        "median": 42.19568757584062,
        "std": 7.300869656587442,
        "min": 16.26955976015946,
        "max": 60.42016307550508
      },
      "pitch": {
        "mean": 213.49183562580436,
        "median": 200.0,
        "std": 16.142255158669954,
        "min": 134.01079001218284,
        "max": 263.8365695692898
      },
      "speech_rate": {
        "mean_wpm": 146.0292796830326,
        "median_wpm": 145.7183624730023,
        "std_wpm": 20.06548086692433,
        "mean_cps": 12.325302189643363,
        "slow_count": 396,
        "fast_count": 195,
        "slow_percentage": 8.914903196758218,
        "fast_percentage": 4.389914452949122,
        "normal_percentage": 86.69518235029267
      }
    },
    "bho": {
      "count": 5803,
      "snr": {
        "mean": 39.92089659776012,
        "median": 40.14974365866997,
        "std": 7.818243612433947,
        "min": 18.47467965774881,
        "max": 60.29360632540321
      },
      "pitch": {
        "mean": 231.2887062958187,
        "median": 232.40911739156792,
        "std": 12.052135688220146,
        "min": 128.46220590602093,
        "max": 271.39632492213246
      },
      "speech_rate": {
        "mean_wpm": 141.15880437490387,
        "median_wpm": 141.1764705882353,
        "std_wpm": 18.840853180180254,
        "mean_cps": 11.986874508171743,
        "slow_count": 708,
        "fast_count": 97,
        "slow_percentage": 12.200585903842839,
        "fast_percentage": 1.6715491986903326,
        "normal_percentage": 86.12786489746684
      }
    },
    "mr": {
      "count": 2291,
      "snr": {
        "mean": 37.72700068829036,
        "median": 37.76593445867169,
        "std": 7.083312657476821,
        "min": 18.944648079819505,
        "max": 53.5076148541232
      },
      "pitch": {
        "mean": 216.4126694811895,
        "median": 206.45671604848692,
        "std": 9.965164680343989,
        "min": 170.67560852928065,
        "max": 251.11234704670858
      },
      "speech_rate": {
        "mean_wpm": 111.49451424075652,
        "median_wpm": 110.82958129021674,
        "std_wpm": 13.048555528008135,
        "mean_cps": 12.514604758475523,
        "slow_count": 1688,
        "fast_count": 0,
        "slow_percentage": 73.6796158882584,
        "fast_percentage": 0.0,
        "normal_percentage": 26.320384111741596
      }
    },
    "guj": {
      "count": 1086,
      "snr": {
        "mean": 19.76344936498095,
        "median": 19.516954893298323,
        "std": 2.0412947348573254,
        "min": 9.822764997674142,
        "max": 27.948807388622715
      },
      "pitch": {
        "mean": 213.16515843545614,
        "median": 183.40080864093423,
        "std": 19.234568197496515,
        "min": 157.65469743327185,
        "max": 265.7394552235278
      },
      "speech_rate": {
        "mean_wpm": 98.62472193377474,
        "median_wpm": 95.41642175331944,
        "std_wpm": 18.305211069492817,
        "mean_cps": 9.41548196202787,
        "slow_count": 948,
        "fast_count": 0,
        "slow_percentage": 87.29281767955801,
        "fast_percentage": 0.0,
        "normal_percentage": 12.70718232044199
      }
    },
    "hi": {
      "count": 834,
      "snr": {
        "mean": 45.30868461337224,
        "median": 45.194739829623934,
        "std": 3.304042825394063,
        "min": 35.4020142862212,
        "max": 57.57574284476985
      },
      "pitch": {
        "mean": 204.46868261863085,
        "median": 198.8480847635095,
        "std": 10.416677479656872,
        "min": 171.61549848233238,
        "max": 232.72730839926976
      },
      "speech_rate": {
        "mean_wpm": 142.3361750827459,
        "median_wpm": 142.31025299600532,
        "std_wpm": 14.953667283426935,
        "mean_cps": 11.678318527272852,
        "slow_count": 60,
        "fast_count": 6,
        "slow_percentage": 7.194244604316546,
        "fast_percentage": 0.7194244604316548,
        "normal_percentage": 92.08633093525181
      }
    },
    "bn": {
      "count": 1169,
      "snr": {
        "mean": 47.13217905152682,
        "median": 46.68948277308219,
        "std": 3.8134414578971514,
        "min": 37.38206455029024,
        "max": 63.67749863193143
      },
      "pitch": {
        "mean": 235.07112705543133,
        "median": 240.60500721642333,
        "std": 11.581102228569897,
        "min": 191.6813297119734,
        "max": 274.50985053045866
      },
      "speech_rate": {
        "mean_wpm": 113.79913441398723,
        "median_wpm": 112.94117647058823,